userId,recommended_movies
1,"[2890, 1610, 5349, 1291, 648, 1136, 4027, 8636, 260, 33493]"
2,"[2959, 55765, 1206, 608, 2329, 858, 97304, 1221, 5989, 90439]"
3,"[780, 260, 1196, 2571, 541, 1527, 2529, 494, 2947, 1748]"
4,"[3504, 2797, 5060, 1674, 25, 951, 1230, 903, 3996, 2918]"
5,"[539, 249, 587, 282, 508, 337, 356, 500, 345, 296]"
6,"[500, 356, 380, 519, 454, 225, 280, 169, 48, 553]"
7,"[48774, 480, 7153, 5445, 2571, 296, 59315, 260, 1210, 1196]"
8,"[252, 356, 296, 333, 344, 5, 520, 420, 21, 736]"
9,"[5380, 58559, 1673, 47099, 903, 7153, 4995, 1704, 2858, 509]"
10,"[4246, 6373, 31685, 2424, 8360, 1704, 2858, 65230, 37729, 63859]"
11,"[2353, 2916, 380, 3578, 592, 165, 1036, 185, 2058, 1198]"
12,"[339, 252, 276, 122, 357, 289, 236, 317, 218, 25]"
13,"[608, 296, 3499, 3481, 3952, 778, 293, 60684, 4034, 1961]"
14,"[224, 587, 168, 380, 17, 509, 249, 356, 296, 500]"
15,"[480, 6365, 3471, 79132, 49530, 1210, 5378, 2628, 115713, 7153]"
16,"[6016, 79132, 2959, 296, 111, 778, 48516, 44199, 7587, 6440]"
17,"[293, 58559, 608, 1206, 7438, 318, 64614, 16, 1221, 91529]"
18,"[6016, 49530, 480, 1206, 49272, 115569, 2683, 6539, 3996, 367]"
19,"[296, 1215, 471, 2302, 1580, 1968, 3363, 1257, 2706, 2088]"
20,"[8360, 6377, 5218, 4306, 1, 78499, 4016, 2987, 68954, 783]"
21,"[2683, 6333, 1580, 96079, 45186, 260, 8636, 68358, 111362, 1196]"
22,"[608, 6016, 2396, 8949, 80463, 89492, 5810, 1682, 2329, 3147]"
23,"[2959, 111, 1729, 608, 2985, 318, 1213, 55820, 3328, 5291]"
24,"[2716, 6539, 480, 89745, 59315, 1210, 72998, 3793, 87232, 3578]"
25,"[6016, 7153, 139385, 150, 170705, 2959, 293, 134853, 91529, 260]"
26,"[21, 349, 2959, 111, 288, 592, 165, 6, 380, 454]"
27,"[2890, 1527, 552, 3578, 329, 316, 1270, 3793, 1, 364]"
28,"[1653, 858, 3147, 16, 1466, 1246, 7143, 1259, 1682, 44665]"
29,"[1262, 68157, 6016, 58559, 79132, 2959, 527, 1222, 7153, 1193]"
30,"[89745, 1210, 72998, 122882, 77561, 5349, 122886, 102125, 1198, 91529]"
31,"[587, 292, 786, 480, 780, 1374, 95, 733, 494, 1101]"
32,"[145, 539, 608, 296, 786, 218, 356, 736, 112, 377]"
33,"[282, 175, 3100, 306, 2858, 224, 1120, 272, 356, 1183]"
34,"[380, 33679, 1580, 6539, 480, 8644, 780, 6365, 45186, 2959]"
35,"[380, 153, 296, 165, 288, 349, 367, 434, 648, 780]"
36,"[293, 2959, 608, 1625, 58559, 44555, 4203, 4803, 2728, 1036]"
37,"[480, 780, 293, 296, 10, 434, 208, 733, 111, 454]"
38,"[296, 587, 539, 11, 371, 356, 317, 349, 315, 543]"
39,"[8961, 1517, 2683, 3508, 2406, 293, 1259, 1127, 1274, 919]"
40,"[539, 11, 500, 235, 356, 349, 552, 802, 300, 508]"
41,"[57669, 106782, 500, 1784, 539, 69757, 63082, 51540, 293, 318]"
42,"[1968, 380, 2959, 3107, 2268, 903, 1527, 2706, 2028, 1208]"
43,"[608, 552, 293, 420, 736, 539, 224, 780, 588, 1]"
44,"[1429, 145, 733, 1356, 608, 260, 6, 377, 1210, 21]"
45,"[8784, 5673, 6942, 1682, 296, 1517, 1270, 2997, 4306, 3578]"
46,"[592, 296, 380, 292, 21, 480, 153, 780, 434, 10]"
47,"[72641, 1246, 81845, 1962, 1704, 5989, 4995, 4014, 97304, 65230]"
48,"[480, 45499, 2571, 44191, 260, 53996, 1527, 2716, 648, 6502]"
49,"[48780, 115713, 1653, 2959, 293, 150, 58559, 122882, 81845, 112552]"
50,"[57669, 1682, 778, 6016, 7438, 2959, 150, 2194, 8961, 1193]"
51,"[1682, 2997, 1197, 1527, 3740, 2716, 441, 4571, 2968, 231]"
52,"[6016, 293, 2959, 91500, 3578, 3623, 10, 88125, 2028, 48516]"
53,"[3363, 3504, 1246, 356, 2324, 296, 2858, 3578, 1573, 2959]"
54,"[349, 292, 185, 165, 315, 736, 380, 296, 474, 434]"
55,"[2959, 8665, 1036, 6, 165, 6874, 786, 7438, 5445, 4011]"
56,"[349, 296, 293, 608, 587, 778, 780, 500, 112, 592]"
57,"[587, 296, 2065, 2959, 293, 1270, 1356, 1127, 480, 6333]"
58,"[11, 58, 232, 356, 420, 272, 377, 350, 317, 21]"
59,"[2959, 356, 296, 608, 3578, 2202, 111, 2268, 1653, 1207]"
60,"[1721, 912, 1393, 356, 2324, 1193, 111, 1213, 2329, 1221]"
61,"[48516, 111, 2959, 6016, 608, 296, 1206, 79132, 858, 3147]"
62,"[91500, 480, 88125, 1206, 44191, 2571, 1240, 102125, 541, 1210]"
63,"[6016, 48774, 1197, 3578, 7153, 79132, 2959, 1247, 1784, 51255]"
64,"[6711, 48774, 1682, 79132, 3996, 48516, 4776, 2005, 7143, 8961]"
65,"[79132, 60684, 85414, 3578, 296, 48516, 116797, 54286, 58803, 2571]"
66,"[2890, 778, 293, 2959, 2985, 356, 3996, 58559, 1580, 7143]"
67,"[1196, 58559, 1210, 260, 7153, 79132, 51935, 1197, 1198, 1291]"
68,"[380, 2000, 33679, 1197, 296, 49530, 3578, 1517, 7153, 2194]"
69,"[79132, 480, 293, 2959, 2571, 1240, 1653, 1882, 3471, 134130]"
70,"[1225, 1393, 3481, 1247, 1784, 1268, 92259, 2324, 7361, 527]"
71,"[494, 1196, 76, 653, 376, 1391, 737, 786, 6, 1270]"
72,"[6016, 2959, 380, 79132, 2019, 608, 1208, 434, 909, 225]"
73,"[6942, 52973, 122904, 119145, 6539, 6373, 2716, 1580, 5459, 3578]"
74,"[1276, 1193, 154, 111, 2329, 318, 3328, 912, 2959, 778]"
75,"[1356, 5349, 1374, 2916, 79132, 1196, 260, 2571, 10, 1610]"
76,"[293, 6016, 79132, 111, 48516, 44199, 296, 58559, 1036, 6874]"
77,"[260, 1291, 1198, 122886, 6333, 480, 1527, 91529, 1200, 3654]"
78,"[1356, 420, 153, 1240, 434, 1210, 316, 2011, 1197, 1909]"
79,"[1127, 780, 293, 1036, 592, 1918, 736, 2353, 3527, 2617]"
80,"[79132, 293, 59369, 44191, 53996, 6333, 480, 5349, 8972, 54286]"
81,"[780, 292, 434, 733, 95, 786, 349, 736, 293, 474]"
82,"[380, 1527, 21, 1036, 2716, 79132, 10, 2916, 6333, 7438]"
83,"[69481, 60684, 7438, 7153, 3994, 7361, 116797, 2959, 293, 527]"
84,"[58, 296, 300, 175, 282, 529, 265, 2890, 1183, 357]"
85,"[1276, 2132, 2313, 529, 1293, 1203, 1193, 902, 1721, 912]"
86,"[48774, 26662, 5349, 480, 122924, 1196, 8636, 49272, 122918, 10]"
87,"[46578, 1270, 3175, 329, 1527, 4886, 1, 3000, 8961, 2355]"
88,"[2959, 3275, 4034, 48516, 48780, 296, 36529, 318, 858, 2329]"
89,"[60756, 3948, 45720, 35836, 2572, 597, 4447, 52973, 62434, 8807]"
90,"[852, 802, 140, 608, 380, 62, 788, 1253, 786, 1206]"
91,"[2985, 292, 3275, 480, 296, 2000, 1527, 44191, 648, 7153]"
92,"[1, 4886, 49530, 364, 63072, 4979, 53125, 1073, 7438, 3052]"
93,"[1527, 380, 2011, 480, 1210, 208, 231, 1291, 329, 160]"
94,"[349, 293, 519, 733, 780, 292, 480, 1356, 185, 23]"
95,"[2959, 296, 2890, 7438, 3578, 1527, 44195, 6218, 8949, 1356]"
96,"[349, 292, 2959, 1552, 1610, 1370, 2916, 1127, 780, 3703]"
97,"[6016, 2959, 10, 49272, 3578, 480, 296, 6874, 1036, 1517]"
98,"[152081, 2005, 1, 7153, 480, 260, 89745, 59315, 60069, 68954]"
99,"[539, 195, 380, 218, 500, 552, 356, 153, 39, 237]"
100,"[1784, 539, 2797, 500, 1500, 778, 1721, 2890, 1732, 1527]"
101,"[608, 2861, 2881, 292, 3409, 3916, 4022, 1225, 318, 1221]"
102,"[736, 349, 377, 434, 185, 165, 733, 315, 10, 292]"
103,"[46578, 4979, 296, 608, 2005, 1784, 7153, 1, 78499, 3114]"
104,"[6942, 539, 70293, 35836, 1777, 39, 6155, 1307, 1265, 3948]"
105,"[97921, 1247, 49530, 58559, 51540, 44199, 80489, 3578, 4022, 1193]"
106,"[1291, 1196, 260, 68358, 4993, 1197, 122904, 76093, 1200, 4306]"
107,"[587, 380, 539, 21, 225, 356, 292, 367, 318, 150]"
108,"[2858, 356, 914, 7361, 34162, 1682, 1961, 1225, 3897, 1246]"
109,"[235, 539, 11, 296, 356, 293, 225, 292, 508, 31]"
110,"[2959, 3174, 356, 2324, 111, 1784, 1246, 2427, 79132, 858]"
111,"[3948, 104, 7451, 8376, 8641, 64969, 6188, 3552, 1968, 7346]"
112,"[3578, 2959, 7438, 58559, 2628, 1196, 1210, 122886, 2571, 1682]"
113,"[2396, 1704, 2858, 509, 608, 2336, 1225, 926, 1307, 339]"
114,"[6539, 86332, 1, 4306, 3793, 72998, 89745, 1196, 5378, 3578]"
115,"[420, 153, 608, 552, 1136, 500, 235, 778, 586, 539]"
116,"[380, 2890, 11, 356, 1527, 736, 292, 1580, 8360, 509]"
117,"[587, 293, 224, 500, 218, 516, 168, 543, 356, 370]"
118,"[111, 608, 2959, 1221, 318, 2329, 106782, 454, 79132, 2313]"
119,"[91500, 49530, 2959, 8798, 59369, 7438, 79132, 77561, 5349, 6333]"
120,"[1, 673, 364, 1270, 1057, 7, 1198, 3, 64, 708]"
121,"[315, 168, 509, 349, 553, 296, 356, 161, 500, 350]"
122,"[91500, 296, 49530, 41569, 59369, 293, 6365, 5349, 6934, 780]"
123,"[2959, 8798, 36529, 111, 74458, 58559, 608, 2571, 102125, 1036]"
124,"[296, 539, 1247, 112183, 1213, 858, 16, 58559, 2194, 79132]"
125,"[296, 97921, 41569, 1884, 2959, 93510, 4011, 122882, 6365, 780]"
126,"[349, 786, 420, 292, 10, 95, 733, 494, 608, 780]"
127,"[3386, 1094, 2858, 906, 1276, 1172, 1203, 1244, 904, 1617]"
128,"[380, 1197, 1262, 1198, 1259, 898, 539, 2858, 509, 25]"
129,"[2916, 6333, 5349, 260, 316, 1196, 8636, 2683, 7153, 1200]"
130,"[608, 111, 786, 454, 292, 380, 22, 317, 434, 10]"
131,"[2959, 44199, 2176, 51540, 296, 1206, 2329, 3147, 16, 1945]"
132,"[356, 4014, 3556, 1721, 1682, 2291, 7361, 35836, 597, 1225]"
133,"[349, 225, 587, 292, 380, 161, 592, 165, 288, 11]"
134,"[292, 480, 1356, 780, 10, 380, 153, 165, 185, 288]"
135,"[1527, 608, 2716, 2997, 2797, 292, 778, 2959, 3481, 1784]"
136,"[587, 380, 539, 552, 420, 236, 500, 371, 349, 293]"
137,"[198, 608, 296, 2289, 46578, 2268, 898, 1193, 1952, 1276]"
138,"[8961, 3578, 5218, 7153, 1527, 4306, 1196, 260, 3702, 1210]"
139,"[8644, 49272, 88125, 3578, 88140, 122886, 111362, 89745, 34405, 1196]"
140,"[2959, 296, 2268, 2194, 6942, 3418, 380, 1208, 2944, 3753]"
141,"[1136, 4306, 778, 1682, 4886, 3114, 1, 79702, 48774, 51255]"
142,"[420, 587, 45, 185, 288, 21, 380, 454, 280, 539]"
143,"[5620, 49286, 5299, 2396, 88163, 66203, 356, 3948, 140110, 4718]"
144,"[296, 349, 153, 539, 6942, 224, 292, 235, 95, 434]"
145,"[380, 10, 95, 494, 349, 150, 480, 780, 1356, 736]"
146,"[838, 2706, 6155, 356, 2858, 1721, 932, 4921, 81847, 7444]"
147,"[296, 344, 1639, 11, 539, 349, 153, 380, 339, 357]"
148,"[8961, 6539, 122904, 122886, 2, 4896, 68954, 86332, 7153, 4367]"
149,"[1374, 2916, 3703, 1544, 1129, 5349, 2571, 3527, 2640, 1210]"
150,"[786, 1047, 1499, 780, 1004, 1438, 782, 6, 165, 628]"
151,"[637, 65, 663, 5, 1367, 1, 784, 708, 7, 64]"
152,"[2959, 608, 8798, 293, 48516, 58559, 778, 858, 1213, 318]"
153,"[1247, 2858, 81845, 27803, 1968, 112183, 2324, 778, 112556, 296]"
154,"[122904, 59315, 89745, 1196, 260, 77561, 86880, 91529, 7153, 49530]"
155,"[2683, 1527, 4027, 2617, 71535, 1136, 223, 2788, 1732, 1291]"
156,"[2396, 1247, 296, 608, 1682, 951, 1704, 1288, 2599, 3421]"
157,"[1, 3114, 4886, 2395, 3174, 2352, 296, 1197, 356, 2599]"
158,"[46976, 1265, 2997, 45, 3740, 6539, 2580, 2706, 3072, 58998]"
159,"[6942, 27808, 69757, 6373, 2858, 92259, 91077, 6155, 31685, 5620]"
160,"[380, 2268, 111, 1968, 1060, 70, 3107, 3578, 1639, 353]"
161,"[4306, 1, 588, 1073, 3396, 595, 2797, 1197, 2083, 3052]"
162,"[515, 539, 281, 508, 475, 282, 225, 454, 266, 349]"
163,"[1784, 6942, 1597, 296, 356, 608, 39, 1629, 4973, 2858]"
164,"[316, 260, 5378, 3703, 1356, 1127, 1198, 1610, 589, 2683]"
165,"[1218, 2000, 2058, 3266, 7153, 3104, 1721, 2858, 2916, 110]"
166,"[49530, 736, 480, 6333, 6365, 780, 587, 1197, 33679, 4262]"
167,"[8961, 2355, 1136, 59784, 46578, 1270, 1391, 223, 344, 104]"
168,"[1172, 2131, 2908, 1237, 608, 2467, 778, 3741, 6552, 111]"
169,"[6942, 4246, 46578, 356, 2081, 597, 5991, 2005, 1, 4886]"
170,"[380, 349, 296, 454, 225, 736, 434, 10, 168, 539]"
171,"[2890, 778, 1060, 235, 2959, 198, 1287, 1206, 111, 11]"
172,"[6333, 2683, 1197, 1200, 7153, 3752, 260, 1196, 924, 3578]"
173,"[539, 380, 231, 587, 317, 356, 1, 344, 236, 420]"
174,"[380, 236, 45, 552, 500, 21, 357, 237, 497, 276]"
175,"[2125, 5902, 3210, 8529, 916, 356, 92259, 113275, 5620, 597]"
176,"[95, 494, 480, 780, 1374, 474, 293, 1198, 165, 185]"
177,"[2997, 356, 1197, 4306, 7153, 8972, 8961, 6539, 2959, 88125]"
178,"[539, 296, 57669, 81562, 2959, 349, 293, 1704, 110, 68157]"
179,"[315, 349, 45, 380, 296, 420, 587, 454, 230, 10]"
180,"[122904, 6333, 5349, 1210, 59315, 68358, 1270, 2985, 3527, 589]"
181,"[587, 539, 356, 349, 292, 293, 736, 454, 225, 440]"
182,"[1682, 292, 4034, 48516, 2321, 356, 3578, 380, 1246, 1921]"
183,"[2403, 1129, 293, 95, 1610, 2571, 1240, 1036, 736, 3633]"
184,"[7153, 86332, 122882, 122886, 179819, 260, 72998, 122904, 111759, 134170]"
185,"[588, 5902, 539, 6377, 356, 4308, 4973, 440, 296, 608]"
186,"[1356, 1196, 2640, 316, 1375, 380, 329, 2890, 2716, 1391]"
187,"[79132, 6016, 296, 48516, 111, 48774, 7438, 858, 1213, 3147]"
188,"[1247, 8529, 587, 500, 1968, 1307, 1257, 597, 2671, 296]"
189,"[293, 55721, 85342, 48774, 3578, 6874, 111, 296, 3147, 33794]"
190,"[7153, 79132, 608, 296, 8798, 41997, 3996, 1197, 3000, 356]"
191,"[539, 852, 509, 1393, 356, 45, 194, 371, 296, 300]"
192,"[292, 434, 733, 480, 780, 648, 165, 185, 592, 111]"
193,"[1259, 139385, 608, 111, 1221, 54001, 1225, 7153, 3949, 337]"
194,"[33679, 236, 4299, 4973, 339, 186, 31685, 543, 1784, 356]"
195,"[296, 2959, 111, 1193, 3949, 1961, 858, 1221, 2890, 1682]"
196,"[48774, 6016, 7153, 2959, 293, 3000, 480, 150, 72998, 68157]"
197,"[2959, 1653, 1784, 4448, 2324, 2194, 58559, 4878, 111, 7361]"
198,"[292, 6942, 587, 356, 4878, 293, 2797, 1193, 1961, 48516]"
199,"[778, 898, 1729, 2268, 111, 318, 858, 1221, 431, 1225]"
200,"[380, 1527, 6539, 8361, 3977, 56367, 8961, 3996, 7458, 3000]"
201,"[2968, 1682, 1356, 2000, 260, 2105, 3793, 4306, 2470, 2424]"
202,"[296, 1262, 1235, 898, 1968, 2028, 356, 1954, 1952, 1225]"
203,"[48774, 79132, 6539, 780, 480, 296, 434, 49272, 3578, 6874]"
204,"[6016, 79132, 2959, 111, 2268, 1206, 92259, 74458, 1625, 2712]"
205,"[7153, 86332, 49530, 3578, 81834, 40815, 108932, 46578, 52722, 119145]"
206,"[145, 805, 454, 168, 95, 58, 494, 852, 524, 43]"
207,"[46578, 112183, 7361, 1247, 296, 112552, 175, 3897, 3949, 3252]"
208,"[480, 260, 316, 3578, 434, 1198, 1291, 2571, 1240, 122924]"
209,"[58559, 3996, 7438, 2959, 110, 68157, 3147, 318, 44195, 1221]"
210,"[122886, 260, 59315, 89745, 122892, 3793, 110102, 8644, 91500, 1291]"
211,"[2194, 96079, 1036, 44191, 260, 2628, 88125, 1198, 1291, 115149]"
212,"[6016, 41569, 49530, 4262, 36529, 296, 6934, 91529, 106782, 6874]"
213,"[7438, 2959, 480, 6365, 10, 88125, 648, 87529, 1036, 48516]"
214,"[52, 802, 25, 912, 191, 1042, 786, 736, 608, 1363]"
215,"[1784, 6711, 1247, 46578, 2997, 1307, 4014, 597, 2959, 349]"
216,"[2352, 1247, 909, 2973, 5991, 296, 608, 2797, 2000, 1288]"
217,"[380, 2000, 1129, 1374, 480, 1197, 370, 1580, 3578, 908]"
218,"[296, 608, 87529, 908, 58559, 1036, 7153, 8917, 5445, 1291]"
219,"[380, 780, 2916, 1527, 2683, 6874, 1206, 1197, 648, 7153]"
220,"[48774, 8961, 480, 5349, 6539, 3578, 3275, 3000, 7153, 296]"
221,"[296, 45, 3504, 1235, 3741, 1225, 1952, 1193, 300, 3152]"
222,"[57669, 109374, 56367, 48774, 4011, 356, 51255, 6373, 318, 2329]"
223,"[41569, 3578, 736, 10, 49272, 1517, 2959, 349, 79132, 648]"
224,"[2006, 2858, 1721, 296, 2000, 1732, 903, 367, 1073, 1270]"
225,"[2599, 3253, 333, 1968, 3255, 1527, 1270, 898, 1580, 2716]"
226,"[1682, 608, 1527, 8961, 1270, 33004, 3617, 104, 6188, 3421]"
227,"[2959, 3275, 49530, 4262, 48516, 3578, 1653, 296, 4878, 7153]"
228,"[48774, 91500, 480, 79132, 2959, 293, 8665, 5418, 589, 260]"
229,"[296, 500, 371, 587, 292, 539, 58, 232, 168, 380]"
230,"[48774, 380, 480, 780, 49272, 10, 1517, 2683, 2628, 260]"
231,"[5349, 780, 6333, 1196, 2628, 1210, 72998, 79132, 1291, 7153]"
232,"[380, 41569, 7438, 2959, 33679, 1517, 2005, 2997, 46970, 2716]"
233,"[293, 48516, 1221, 1213, 3578, 7153, 63082, 112552, 47099, 3949]"
234,"[2294, 2355, 588, 1527, 3578, 380, 1587, 1198, 2000, 1210]"
235,"[224, 296, 500, 349, 292, 420, 150, 225, 317, 17]"
236,"[608, 2599, 223, 2918, 778, 70, 3174, 2395, 1923, 4973]"
237,"[79132, 2959, 48774, 1206, 48516, 4878, 48780, 7254, 1653, 115713]"
238,"[293, 296, 2000, 454, 185, 318, 858, 5008, 2028, 5010]"
239,"[2959, 296, 592, 48516, 4776, 3996, 1240, 7143, 1517, 377]"
240,"[380, 145, 112, 539, 327, 420, 296, 586, 168, 344]"
241,"[81845, 106100, 63876, 1246, 62644, 30707, 1704, 4995, 2858, 90430]"
242,"[165, 288, 592, 6, 454, 292, 380, 161, 736, 10]"
243,"[370, 367, 349, 293, 296, 592, 6, 288, 587, 21]"
244,"[2959, 349, 6333, 780, 1127, 2000, 2571, 1036, 1240, 7153]"
245,"[1192, 1, 6377, 1394, 104, 7099, 2700, 1273, 2683, 5902]"
246,"[7153, 3275, 2019, 1197, 134130, 44199, 48516, 150, 5349, 1527]"
247,"[79132, 2683, 8961, 1197, 8636, 91529, 1291, 5445, 3996, 1]"
248,"[59315, 72998, 1196, 111362, 95510, 5378, 53464, 52287, 1374, 152081]"
249,"[4270, 122904, 2985, 2916, 49530, 119145, 60074, 79132, 53125, 7438]"
250,"[903, 1653, 1961, 1952, 1193, 296, 356, 1968, 500, 953]"
251,"[48516, 608, 6016, 58559, 2329, 318, 1213, 3147, 858, 225]"
252,"[134853, 4886, 4306, 6377, 5218, 1907, 76093, 1136, 1197, 2687]"
253,"[2395, 1968, 4641, 2997, 1247, 1235, 296, 1288, 1276, 1193]"
254,"[79132, 6016, 5782, 296, 111, 58559, 1036, 780, 1213, 858]"
255,"[2791, 3948, 8528, 348, 2150, 1079, 8874, 1278, 2174, 1307]"
256,"[122904, 2716, 1580, 480, 1517, 112852, 59315, 33493, 5378, 1210]"
257,"[367, 592, 165, 608, 1391, 95, 733, 434, 303, 466]"
258,"[3000, 7153, 79132, 3578, 134130, 293, 52722, 2959, 122882, 59315]"
259,"[1527, 2716, 8961, 6377, 2797, 4973, 597, 1, 8360, 260]"
260,"[3363, 44195, 1639, 1247, 46578, 48516, 318, 858, 1221, 3362]"
261,"[79132, 2959, 60684, 3266, 111, 48516, 858, 318, 3328, 1208]"
262,"[235, 319, 45, 356, 140, 62, 475, 277, 299, 261]"
263,"[1784, 2324, 3255, 4447, 4973, 1265, 296, 3578, 920, 7153]"
264,"[7153, 588, 316, 208, 780, 292, 60, 380, 788, 158]"
265,"[292, 924, 3578, 2000, 349, 3996, 11, 778, 1721, 2797]"
266,"[296, 292, 3578, 3703, 1127, 1682, 2529, 1968, 5445, 1249]"
267,"[1127, 780, 2916, 1527, 380, 316, 2640, 260, 1196, 3578]"
268,"[2000, 296, 608, 2959, 3265, 778, 1060, 858, 2329, 3147]"
269,"[145, 694, 58, 852, 21, 628, 36, 318, 640, 454]"
270,"[145, 608, 852, 838, 153, 218, 95, 1527, 805, 454]"
271,"[2455, 6787, 1206, 2160, 296, 608, 111, 3471, 2529, 1019]"
272,"[48774, 6333, 5349, 2571, 3793, 260, 45499, 44191, 316, 87232]"
273,"[539, 380, 356, 597, 339, 276, 186, 357, 19, 344]"
274,"[2000, 293, 8798, 1517, 8644, 367, 49272, 4011, 1682, 592]"
275,"[1641, 898, 1244, 5902, 778, 356, 1225, 3152, 1952, 1358]"
276,"[1367, 673, 1429, 112, 65, 19, 801, 435, 1405, 1210]"
277,"[480, 1356, 1196, 1210, 95, 494, 733, 112, 648, 1367]"
278,"[58, 356, 296, 2390, 231, 3752, 3386, 300, 261, 1365]"
279,"[79132, 2959, 5445, 6874, 6, 58559, 2571, 122904, 91529, 32587]"
280,"[2396, 356, 5299, 1923, 31685, 2858, 1704, 4995, 33679, 5991]"
281,"[1784, 1247, 2289, 3263, 112183, 296, 608, 1276, 1961, 1193]"
282,"[778, 2959, 1968, 7438, 51255, 1036, 2997, 858, 318, 33166]"
283,"[106782, 2359, 2797, 3552, 356, 1307, 2144, 2424, 1257, 4973]"
284,"[236, 231, 223, 357, 39, 597, 497, 708, 539, 21]"
285,"[1225, 954, 1203, 3468, 608, 296, 356, 2329, 2858, 912]"
286,"[608, 6016, 2959, 48516, 79132, 6942, 380, 292, 1682, 318]"
287,"[1639, 1784, 2797, 2997, 46578, 356, 2324, 296, 35836, 1080]"
288,"[4979, 587, 608, 2797, 1517, 8961, 4027, 2355, 1580, 2529]"
289,"[356, 235, 1090, 1222, 296, 30707, 608, 1246, 1213, 318]"
290,"[1276, 1203, 1207, 2289, 1292, 2352, 1300, 2959, 1213, 318]"
291,"[7153, 6539, 5349, 6934, 52722, 34048, 122882, 88125, 1196, 1210]"
292,"[1527, 6333, 1127, 380, 49272, 63113, 3623, 1196, 1210, 34405]"
293,"[293, 110, 2028, 25, 2858, 140, 3952, 805, 17, 85]"
294,"[2000, 1527, 2918, 3552, 3363, 1270, 2716, 2580, 367, 2997]"
295,"[79132, 48516, 51540, 608, 296, 58559, 858, 16, 431, 50]"
296,"[6016, 79132, 7153, 3681, 58559, 111, 48516, 1208, 2194, 3578]"
297,"[111, 349, 555, 296, 592, 165, 6, 1036, 225, 454]"
298,"[1527, 296, 500, 6539, 1197, 1270, 52973, 79132, 2959, 59369]"
299,"[7458, 1291, 733, 1210, 2683, 260, 5349, 480, 1544, 780]"
300,"[48516, 2959, 293, 7361, 1247, 215, 8638, 1393, 112552, 158966]"
301,"[2396, 778, 48516, 1729, 293, 3255, 7438, 2324, 356, 1721]"
302,"[6, 733, 786, 434, 494, 1356, 292, 380, 296, 555]"
303,"[780, 2916, 1127, 1210, 1196, 316, 3793, 2571, 541, 1676]"
304,"[1374, 1127, 736, 1210, 316, 587, 10, 733, 95, 172]"
305,"[79132, 2959, 8798, 37733, 88744, 8972, 608, 780, 480, 380]"
306,"[4306, 33615, 78499, 108932, 152081, 52287, 167036, 84944, 1197, 97913]"
307,"[6942, 2797, 2959, 48774, 48516, 4027, 3552, 54503, 6188, 3421]"
308,"[4306, 4886, 588, 364, 8961, 3489, 46578, 595, 7153, 5618]"
309,"[1193, 2313, 111, 318, 858, 2858, 912, 1222, 1299, 903]"
310,"[3363, 4979, 3253, 6807, 63131, 296, 57669, 2997, 2716, 1732]"
311,"[293, 3578, 4322, 1960, 1653, 2858, 1584, 7153, 2710, 26704]"
312,"[2455, 1653, 1127, 5349, 6333, 541, 2710, 1527, 2959, 296]"
313,"[2916, 1356, 3703, 1240, 1200, 1527, 5445, 260, 1210, 3793]"
314,"[552, 420, 480, 733, 292, 349, 786, 353, 1, 165]"
315,"[1193, 1203, 2313, 971, 2858, 1357, 1721, 912, 902, 1287]"
316,"[296, 6016, 1197, 2396, 7438, 292, 33679, 7153, 3578, 6874]"
317,"[55765, 1729, 2959, 296, 1206, 1221, 858, 5989, 6016, 7438]"
318,"[296, 57669, 3578, 8949, 48516, 1197, 858, 16, 1221, 2329]"
319,"[68954, 1, 3307, 6711, 3578, 33679, 2324, 2858, 1704, 1680]"
320,"[8961, 1527, 122904, 1196, 1210, 89745, 5378, 1198, 1580, 1200]"
321,"[420, 480, 434, 10, 236, 733, 367, 296, 1, 587]"
322,"[608, 296, 2997, 6016, 7153, 2683, 3996, 2006, 111, 4995]"
323,"[292, 587, 11, 349, 356, 380, 235, 317, 329, 225]"
324,"[109374, 838, 61323, 296, 57669, 14, 62, 3949, 1193, 25]"
325,"[608, 778, 1247, 2997, 2959, 293, 1653, 356, 903, 1193]"
326,"[4022, 47099, 3949, 112290, 55814, 58559, 48516, 112556, 1221, 858]"
327,"[608, 3363, 4011, 356, 4973, 339, 1805, 44199, 111, 1221]"
328,"[4886, 6539, 2683, 5218, 380, 68954, 480, 296, 924, 60069]"
329,"[112183, 296, 1247, 2997, 81845, 111, 48516, 1213, 527, 2329]"
330,"[2890, 48774, 2959, 293, 2683, 1517, 1653, 1921, 1270, 2011]"
331,"[296, 2959, 7438, 1884, 7153, 58559, 1206, 1197, 122882, 6539]"
332,"[6016, 608, 1206, 480, 5349, 48516, 111, 778, 1517, 2571]"
333,"[1968, 304, 500, 1247, 2248, 296, 356, 58559, 1207, 441]"
334,"[6539, 2683, 8961, 78499, 1, 7153, 8360, 6365, 780, 588]"
335,"[1918, 552, 153, 292, 349, 4438, 1218, 500, 480, 356]"
336,"[6711, 8784, 1968, 608, 1281, 2959, 46578, 4262, 58559, 6016]"
337,"[694, 608, 707, 640, 805, 481, 79, 165, 376, 1004]"
338,"[293, 79132, 44199, 48516, 296, 608, 2329, 858, 1221, 454]"
339,"[91500, 48304, 59369, 46578, 1206, 48516, 80489, 67255, 106100, 6942]"
340,"[733, 434, 95, 736, 225, 280, 208, 474, 380, 165]"
341,"[122904, 344, 8528, 3948, 223, 2000, 59784, 1270, 2716, 1732]"
342,"[608, 562, 2959, 1247, 2436, 2702, 2541, 1719, 2501, 2337]"
343,"[111, 79132, 36529, 1206, 778, 88129, 58559, 318, 858, 6870]"
344,"[780, 3578, 1196, 72998, 1210, 648, 1198, 85414, 79132, 1200]"
345,"[7361, 1120, 3996, 2455, 5508, 2706, 35836, 4370, 1653, 1225]"
346,"[296, 1729, 1276, 1960, 175, 6440, 4979, 2329, 858, 2395]"
347,"[736, 480, 153, 434, 95, 420, 236, 296, 519, 539]"
348,"[293, 6016, 57669, 48516, 44199, 318, 1213, 69481, 6, 2028]"
349,"[315, 454, 292, 539, 11, 350, 508, 300, 380, 110]"
350,"[1429, 780, 1356, 95, 733, 886, 1499, 1405, 1367, 3]"
351,"[296, 74458, 1625, 2396, 7445, 3949, 293, 4720, 4022, 64839]"
352,"[480, 2916, 1653, 7438, 2959, 44191, 296, 56174, 46578, 8950]"
353,"[296, 349, 587, 111, 539, 225, 218, 500, 292, 356]"
354,"[296, 608, 6333, 6365, 33679, 2683, 1517, 1197, 7153, 2571]"
355,"[380, 2396, 2248, 2011, 1270, 2683, 7153, 356, 2716, 1580]"
356,"[6711, 539, 587, 778, 356, 597, 1580, 2502, 4306, 1278]"
357,"[2000, 1682, 509, 1721, 3949, 2541, 3408, 1193, 2006, 2706]"
358,"[1704, 69757, 88163, 55052, 1907, 112552, 2231, 80463, 4447, 597]"
359,"[924, 3578, 150, 1653, 7361, 1968, 3996, 3897, 2959, 4878]"
360,"[1805, 50, 1252, 296, 2268, 482, 1407, 1589, 1693, 2278]"
361,"[380, 2959, 6539, 48774, 8361, 165, 1036, 6874, 592, 6]"
362,"[6016, 296, 58559, 1036, 4262, 6, 2329, 1221, 55820, 1466]"
363,"[778, 2502, 56367, 1639, 2959, 1285, 223, 2598, 7090, 36529]"
364,"[95, 494, 648, 76, 66, 6, 165, 457, 608, 640]"
365,"[79592, 6539, 3552, 60756, 48385, 231, 1270, 4979, 1732, 2502]"
366,"[2959, 1198, 1291, 7438, 54286, 6, 79132, 480, 292, 1196]"
367,"[539, 1968, 2797, 5103, 2324, 296, 4361, 3552, 1449, 1393]"
368,"[3256, 6, 608, 2023, 1610, 1370, 2000, 1429, 1356, 2916]"
369,"[1580, 296, 2890, 1968, 48385, 1270, 3481, 3210, 2997, 2502]"
370,"[6016, 2959, 56367, 1517, 1580, 356, 3996, 4027, 736, 2502]"
371,"[1374, 1210, 2571, 44191, 541, 3000, 1274, 924, 5445, 1206]"
372,"[2959, 2000, 292, 2890, 3578, 272, 153, 736, 21, 318]"
373,"[587, 349, 296, 293, 380, 11, 235, 280, 454, 230]"
374,"[349, 10, 292, 380, 185, 316, 111, 377, 454, 225]"
375,"[3996, 79132, 60069, 8961, 7153, 2959, 33679, 2858, 25, 1097]"
376,"[6333, 45499, 1917, 349, 293, 5445, 260, 316, 3793, 1210]"
377,"[329, 1580, 1391, 1200, 1653, 442, 2628, 1196, 1375, 1247]"
378,"[6016, 2959, 293, 2002, 59387, 48516, 1221, 64614, 177593, 3147]"
379,"[315, 780, 480, 380, 10, 733, 95, 736, 420, 168]"
380,"[8644, 49530, 6539, 3275, 293, 52281, 56174, 33493, 2716, 592]"
381,"[1197, 4886, 1527, 231, 2997, 4246, 1784, 6942, 296, 364]"
382,"[91500, 480, 6333, 96079, 33679, 86332, 8961, 3578, 122886, 103772]"
383,"[63876, 30707, 112290, 92259, 430, 90430, 3448, 916, 356, 527]"
384,"[296, 1968, 2000, 380, 293, 1653, 4027, 2858, 1732, 7438]"
385,"[11, 224, 539, 1247, 1682, 235, 1060, 778, 380, 1197]"
386,"[293, 45, 185, 288, 434, 95, 733, 10, 112, 225]"
387,"[296, 2000, 3363, 3361, 1094, 1674, 1921, 2324, 2019, 1276]"
388,"[4886, 136016, 4306, 108932, 3396, 8961, 81847, 97225, 79091, 59784]"
389,"[95, 1356, 736, 849, 648, 376, 76, 1210, 640, 454]"
390,"[1193, 3949, 3160, 1207, 2858, 4979, 7361, 296, 356, 2324]"
391,"[608, 1784, 2396, 1968, 2797, 2324, 2890, 2997, 4022, 3897]"
392,"[58, 608, 3578, 3996, 356, 2959, 3752, 3174, 2395, 1270]"
393,"[6934, 6365, 780, 122882, 260, 1196, 110102, 79132, 5903, 7153]"
394,"[349, 165, 377, 434, 10, 1036, 288, 296, 474, 292]"
395,"[587, 410, 153, 370, 236, 588, 21, 349, 539, 11]"
396,"[78499, 1, 50872, 2289, 778, 46578, 60069, 356, 858, 150]"
397,"[296, 858, 1213, 2329, 1221, 3147, 3362, 111, 2959, 1292]"
398,"[134853, 4246, 2997, 4995, 1704, 912, 62, 1954, 1246, 2324]"
399,"[48774, 2628, 6539, 5349, 3578, 8961, 1198, 1291, 49272, 46578]"
400,"[6016, 1206, 58559, 111, 48516, 296, 480, 2019, 6874, 7254]"
401,"[3114, 1, 152081, 588, 76093, 98243, 177765, 168418, 106696, 81847]"
402,"[292, 592, 377, 288, 10, 434, 296, 353, 153, 454]"
403,"[2959, 4210, 608, 6, 592, 165, 380, 434, 1610, 153]"
404,"[168, 509, 249, 454, 225, 500, 218, 296, 277, 282]"
405,"[1206, 48516, 608, 296, 5782, 318, 858, 1213, 3147, 2329]"
406,"[33145, 1784, 7169, 6155, 4823, 1923, 1569, 2485, 289, 597]"
407,"[122924, 45722, 3578, 1210, 260, 5378, 72998, 1198, 91529, 1197]"
408,"[76251, 8917, 6333, 2948, 1610, 45722, 8972, 87232, 88140, 260]"
409,"[11, 1288, 356, 1234, 1079, 951, 1307, 4027, 1136, 2959]"
410,"[1244, 909, 898, 1292, 2395, 3504, 356, 608, 2997, 5060]"
411,"[296, 539, 454, 356, 168, 475, 25, 350, 161, 290]"
412,"[1247, 272, 45, 778, 356, 2997, 5060, 1307, 951, 2791]"
413,"[293, 36529, 58559, 4210, 1036, 79132, 296, 110, 1233, 91529]"
414,"[296, 6711, 1784, 3275, 7438, 2985, 7090, 5528, 58559, 1954]"
415,"[116897, 48774, 778, 3996, 48516, 356, 6874, 7153, 74458, 2329]"
416,"[1247, 1784, 56367, 356, 1704, 109374, 7361, 7147, 1961, 3949]"
417,"[44199, 2959, 293, 177593, 64614, 3147, 57669, 608, 112552, 89774]"
418,"[608, 48516, 111, 106918, 56367, 1268, 1968, 293, 96430, 1246]"
419,"[2959, 293, 6016, 48516, 48774, 1208, 68157, 318, 1466, 16]"
420,"[6711, 2997, 1682, 296, 1580, 3996, 4306, 3977, 1265, 8961]"
421,"[175, 47099, 3252, 1704, 8784, 92259, 356, 2329, 858, 91658]"
422,"[296, 349, 1961, 1225, 111, 48516, 3198, 2329, 58559, 79132]"
423,"[349, 292, 786, 225, 161, 2028, 592, 165, 185, 1209]"
424,"[628, 111, 48516, 55765, 80489, 4878, 7254, 1221, 858, 318]"
425,"[2959, 1573, 293, 7438, 3578, 1527, 49272, 111, 1653, 648]"
426,"[4306, 46578, 4979, 1197, 78499, 4447, 4973, 6377, 48, 68954]"
427,"[2959, 608, 3996, 6711, 380, 2268, 2028, 356, 7458, 7153]"
428,"[7438, 2959, 3527, 5445, 7153, 1580, 587, 1653, 5254, 2628]"
429,"[356, 296, 236, 252, 500, 440, 371, 39, 249, 21]"
430,"[3000, 1921, 260, 8636, 1196, 5378, 33493, 1097, 2959, 1580]"
431,"[380, 4011, 21, 296, 608, 784, 4027, 5693, 908, 1079]"
432,"[349, 2959, 112556, 48516, 111, 3996, 3949, 150, 5349, 5989]"
433,"[2959, 55721, 58559, 48516, 85342, 1206, 1036, 1213, 858, 1221]"
434,"[2959, 3275, 380, 58559, 7438, 5349, 7153, 10, 592, 54286]"
435,"[293, 6016, 608, 58559, 111, 48516, 44199, 1206, 7438, 1213]"
436,"[587, 500, 516, 218, 1, 11, 1064, 296, 380, 552]"
437,"[282, 337, 62, 539, 11, 235, 371, 25, 105, 356]"
438,"[4270, 2985, 293, 1517, 2683, 2916, 780, 10, 3623, 2947]"
439,"[3578, 1210, 260, 1196, 68157, 480, 91529, 5952, 150, 292]"
440,"[1682, 2985, 1206, 480, 3703, 2571, 1240, 44191, 1246, 1193]"
441,"[480, 5349, 780, 3793, 1291, 3578, 91529, 8961, 1270, 292]"
442,"[1923, 5902, 2359, 2770, 223, 344, 3174, 8874, 1732, 2858]"
443,"[58559, 2019, 7438, 778, 46578, 3949, 858, 3147, 1221, 1259]"
444,"[293, 165, 592, 315, 292, 153, 112, 377, 736, 95]"
445,"[6016, 2959, 296, 48516, 3578, 112556, 1206, 7143, 92259, 858]"
446,"[380, 296, 349, 315, 552, 225, 454, 272, 480, 236]"
447,"[349, 292, 380, 736, 45, 296, 95, 733, 494, 185]"
448,"[2000, 608, 380, 1197, 2716, 4011, 8972, 3275, 8798, 293]"
449,"[296, 608, 48516, 2959, 6016, 79132, 1784, 356, 46578, 4878]"
450,"[349, 2959, 2529, 3578, 36529, 1262, 380, 7153, 296, 608]"
451,"[145, 608, 349, 494, 780, 1356, 480, 376, 805, 454]"
452,"[480, 6333, 1527, 49272, 45186, 260, 2628, 5378, 5445, 7438]"
453,"[296, 1784, 778, 1968, 293, 1682, 2997, 4848, 1580, 1732]"
454,"[74458, 111, 48516, 79132, 608, 48780, 91658, 81591, 2959, 2762]"
455,"[587, 296, 500, 235, 349, 293, 356, 300, 261, 508]"
456,"[145, 1429, 52, 112, 733, 95, 494, 1356, 849, 778]"
457,"[552, 2683, 1210, 316, 1196, 1127, 1356, 1374, 6365, 2916]"
458,"[587, 349, 539, 11, 225, 296, 434, 377, 509, 356]"
459,"[3578, 52722, 7153, 77561, 6934, 86332, 89745, 59315, 1210, 112852]"
460,"[6016, 3000, 134853, 480, 2959, 349, 1197, 296, 1196, 1210]"
461,"[296, 318, 2329, 2858, 858, 3949, 300, 587, 48516, 111]"
462,"[296, 898, 1207, 954, 1954, 1276, 5060, 2959, 356, 1945]"
463,"[3578, 145, 110, 1208, 3996, 356, 7438, 2959, 37733, 44195]"
464,"[48774, 480, 6874, 592, 53996, 296, 7254, 3578, 454, 4878]"
465,"[2268, 608, 647, 903, 1094, 3204, 480, 2571, 2948, 1086]"
466,"[122882, 6365, 1527, 122904, 86332, 7153, 72998, 5378, 33493, 91542]"
467,"[1242, 1263, 1299, 1224, 2028, 110, 1208, 1954, 261, 1250]"
468,"[380, 329, 364, 539, 10, 317, 733, 58, 11, 95]"
469,"[1396, 2890, 1682, 608, 2985, 380, 1292, 778, 2959, 2871]"
470,"[380, 587, 349, 786, 111, 292, 454, 52, 153, 780]"
471,"[2002, 296, 109374, 46578, 56367, 6711, 122904, 110, 2028, 7153]"
472,"[608, 6016, 2959, 293, 2329, 1213, 48516, 44199, 111, 1206]"
473,"[92259, 89904, 296, 608, 106782, 2324, 380, 4973, 339, 225]"
474,"[1968, 1954, 337, 4019, 1704, 2858, 912, 2321, 8464, 7361]"
475,"[260, 1210, 480, 780, 87232, 106072, 49272, 2948, 91630, 1370]"
476,"[543, 356, 39, 186, 218, 168, 736, 420, 249, 17]"
477,"[48774, 6539, 2716, 1197, 480, 3703, 2916, 3793, 1196, 4886]"
478,"[1, 4306, 3052, 588, 661, 1278, 1148, 3751, 141, 551]"
479,"[3481, 2396, 1247, 1784, 3361, 109374, 1476, 3108, 2797, 356]"
480,"[1784, 6942, 5617, 46578, 296, 2321, 1682, 356, 1197, 7153]"
481,"[1704, 1357, 1643, 25, 42728, 515, 446, 509, 1678, 2058]"
482,"[6333, 480, 780, 2916, 6539, 2000, 1580, 2716, 2985, 293]"
483,"[6373, 1784, 1968, 296, 79702, 2716, 2985, 1270, 1136, 8983]"
484,"[4246, 1784, 296, 5991, 223, 441, 344, 54503, 1265, 4306]"
485,"[786, 349, 380, 10, 494, 95, 780, 480, 474, 377]"
486,"[434, 494, 733, 780, 165, 592, 380, 648, 474, 172]"
487,"[122904, 6016, 8961, 908, 1270, 52973, 1247, 1196, 3793, 296]"
488,"[46578, 1247, 109374, 2997, 356, 2324, 1197, 68954, 4973, 152081]"
489,"[3481, 6711, 1784, 6942, 3996, 7153, 2959, 6539, 2858, 1206]"
490,"[1247, 1968, 2324, 778, 1704, 2858, 2959, 7361, 48516, 111]"
491,"[88163, 8969, 2706, 4447, 7346, 597, 74946, 54503, 8528, 4816]"
492,"[145, 608, 780, 1544, 494, 736, 76, 6, 165, 1120]"
493,"[2959, 3107, 2058, 2529, 1036, 3104, 2692, 1262, 480, 6333]"
494,"[1291, 6537, 91529, 7153, 480, 2916, 434, 58559, 68157, 733]"
495,"[6016, 48774, 296, 608, 55247, 778, 4262, 55765, 111, 115569]"
496,"[2019, 54001, 88125, 60069, 7361, 6539, 4886, 356, 2324, 63082]"
497,"[6016, 296, 57669, 7153, 6711, 69481, 111, 4995, 356, 2324]"
498,"[434, 780, 786, 292, 349, 587, 225, 185, 288, 165]"
499,"[2455, 1246, 1172, 608, 3083, 1207, 81845, 5902, 2867, 914]"
500,"[1288, 348, 2791, 1060, 2395, 1197, 380, 2000, 2700, 1136]"
501,"[608, 293, 45, 318, 290, 786, 185, 592, 1476, 371]"
502,"[296, 1968, 2455, 1385, 3499, 1883, 1527, 1407, 1391, 2716]"
503,"[44195, 296, 1784, 112556, 1193, 112290, 2313, 2324, 39183, 1704]"
504,"[1784, 8784, 356, 597, 1923, 2997, 2858, 4995, 1704, 1265]"
505,"[52281, 1387, 2003, 83134, 2455, 57274, 103688, 5502, 7438, 51935]"
506,"[6942, 1704, 4979, 65230, 356, 2324, 4022, 72641, 112290, 3969]"
507,"[587, 105, 225, 17, 161, 539, 315, 380, 292, 349]"
508,"[3752, 2770, 3948, 104, 48385, 3552, 2683, 1580, 3471, 260]"
509,"[2005, 1, 4016, 6539, 53125, 33679, 41569, 6942, 70183, 79702]"
510,"[778, 296, 1784, 356, 6016, 3147, 111, 1193, 1246, 2959]"
511,"[49530, 48780, 293, 7153, 2959, 55908, 81845, 4022, 112552, 27803]"
512,"[587, 780, 153, 296, 10, 434, 95, 329, 648, 11]"
513,"[380, 539, 356, 349, 296, 292, 1262, 79132, 908, 153]"
514,"[2000, 2398, 1784, 2959, 111, 1345, 1580, 2716, 4011, 1207]"
515,"[79132, 2959, 55721, 3578, 85342, 480, 122916, 1210, 7153, 68157]"
516,"[296, 109374, 500, 58, 356, 64614, 293, 153, 349, 4011]"
517,"[4306, 8360, 6711, 364, 914, 2005, 5971, 1028, 1073, 150]"
518,"[46578, 1223, 2355, 1527, 3114, 4886, 720, 1270, 3477, 8366]"
519,"[88163, 539, 1784, 296, 6373, 106918, 46578, 35836, 4973, 58998]"
520,"[1580, 6539, 780, 480, 8984, 2628, 102445, 296, 91535, 500]"
521,"[145, 608, 454, 481, 79, 838, 778, 52, 36, 802]"
522,"[2959, 57669, 480, 5445, 1682, 7153, 48516, 111, 1580, 48780]"
523,"[68954, 7153, 3578, 48774, 4306, 1, 1197, 60069, 4896, 48394]"
524,"[380, 434, 780, 292, 736, 293, 349, 442, 260, 592]"
525,"[4306, 8360, 8961, 53125, 78499, 1, 3114, 588, 2355, 5218]"
526,"[92259, 1268, 1968, 778, 71899, 356, 1193, 47099, 1172, 1225]"
527,"[1527, 2890, 1287, 3471, 1374, 5349, 1259, 150, 364, 260]"
528,"[2959, 293, 2194, 79132, 6086, 296, 7438, 318, 858, 4848]"
529,"[780, 1356, 849, 1429, 733, 494, 653, 1210, 112, 673]"
530,"[296, 224, 315, 225, 105, 509, 261, 277, 317, 350]"
531,"[3578, 1196, 3793, 480, 1544, 780, 7153, 380, 485, 1270]"
532,"[293, 51935, 2058, 58559, 1036, 1792, 7458, 68157, 3753, 2353]"
533,"[7360, 968, 593, 1206, 296, 608, 44191, 6502, 112556, 48516]"
534,"[8961, 152081, 6333, 780, 5349, 6934, 1210, 111362, 59315, 1196]"
535,"[223, 1285, 2918, 2716, 356, 1234, 2997, 2683, 3751, 608]"
536,"[454, 161, 296, 508, 282, 111, 349, 292, 293, 235]"
537,"[293, 2959, 296, 91542, 58559, 48774, 91500, 8665, 778, 48516]"
538,"[134853, 4306, 914, 8738, 1, 4016, 6942, 46578, 1136, 3052]"
539,"[134853, 3114, 4886, 1, 6377, 588, 1136, 81564, 3263, 122904]"
540,"[2959, 48774, 7438, 7153, 88125, 3578, 58559, 1036, 54286, 49272]"
541,"[380, 296, 587, 315, 539, 542, 519, 292, 736, 236]"
542,"[296, 1682, 8961, 1197, 778, 6539, 1, 52973, 588, 349]"
543,"[296, 8360, 2683, 1517, 2502, 8528, 2918, 1, 3114, 1580]"
544,"[849, 1544, 733, 786, 736, 66, 76, 376, 1004, 260]"
545,"[292, 2571, 780, 3703, 2916, 3698, 589, 1580, 260, 1210]"
546,"[1200, 420, 380, 519, 480, 780, 1527, 2571, 1387, 2959]"
547,"[608, 111, 2858, 1721, 912, 356, 2959, 922, 1224, 1276]"
548,"[1210, 3793, 59315, 2640, 110, 2028, 79132, 5349, 780, 480]"
549,"[7153, 293, 3578, 79132, 110, 91529, 68157, 1208, 5574, 99114]"
550,"[6333, 5349, 260, 1196, 112852, 68358, 122886, 87232, 73321, 1200]"
551,"[77561, 480, 780, 122882, 8972, 3275, 49272, 3578, 102125, 44191]"
552,"[1968, 1639, 2797, 2324, 1225, 3897, 1393, 1527, 2959, 1307]"
553,"[296, 111, 349, 3275, 1213, 318, 858, 2329, 4262, 6016]"
554,"[916, 356, 1704, 1393, 1059, 902, 3675, 500, 2398, 7361]"
555,"[1527, 296, 1247, 356, 2918, 1573, 597, 3508, 1653, 1220]"
556,"[5816, 7153, 4896, 6539, 108932, 1291, 3578, 1196, 59315, 89745]"
557,"[3578, 3654, 1210, 1610, 122916, 480, 3703, 1200, 187541, 2366]"
558,"[1784, 6942, 235, 150, 4022, 1225, 4995, 1059, 914, 3176]"
559,"[380, 296, 349, 494, 315, 235, 316, 653, 160, 21]"
560,"[2000, 608, 6016, 2959, 8798, 1682, 1247, 6373, 1517, 1206]"
561,"[48774, 6333, 5349, 2959, 2683, 49272, 10, 2571, 1240, 296]"
562,"[296, 2959, 293, 48774, 49530, 380, 1682, 4878, 4262, 2194]"
563,"[6942, 89904, 49286, 2572, 339, 356, 1265, 2080, 4299, 33679]"
564,"[7451, 111113, 86911, 5481, 8641, 151739, 34162, 4979, 4018, 65230]"
565,"[587, 349, 500, 218, 315, 454, 225, 552, 317, 168]"
566,"[587, 543, 168, 315, 500, 218, 377, 292, 153, 597]"
567,"[3578, 8972, 79132, 152081, 8961, 122904, 6365, 1097, 2959, 97921]"
568,"[225, 454, 1641, 1193, 1961, 1625, 2959, 150, 318, 858]"
569,"[10, 434, 153, 780, 1356, 208, 442, 377, 296, 292]"
570,"[5349, 6365, 293, 10, 49272, 3793, 8636, 5378, 1240, 5903]"
571,"[1994, 4105, 968, 2455, 4720, 1997, 1200, 79132, 2571, 1240]"
572,"[898, 11, 235, 5060, 2000, 912, 509, 1674, 1094, 2997]"
573,"[480, 8972, 49530, 3623, 380, 3275, 7438, 648, 44191, 3578]"
574,"[315, 349, 454, 296, 733, 377, 10, 185, 168, 288]"
575,"[539, 2447, 2395, 3174, 2324, 356, 2997, 2539, 2829, 3911]"
576,"[380, 2716, 1270, 2542, 10, 2770, 736, 223, 2694, 2599]"
577,"[2403, 2890, 2985, 2959, 1127, 1527, 1208, 2628, 1259, 150]"
578,"[838, 6711, 6218, 1721, 902, 109374, 92259, 5013, 1193, 46578]"
579,"[380, 296, 3578, 786, 86, 224, 1, 78499, 2683, 7153]"
580,"[292, 2959, 480, 8644, 2571, 1240, 380, 1610, 736, 4776]"
581,"[7153, 139385, 3578, 49530, 46578, 3949, 115713, 7254, 1653, 1721]"
582,"[122882, 6934, 122892, 122904, 2571, 122920, 5903, 85414, 60684, 3578]"
583,"[7293, 1907, 344, 410, 912, 367, 153, 60069, 266, 7153]"
584,"[380, 292, 519, 349, 10, 733, 95, 296, 608, 225]"
585,"[111, 608, 16, 55820, 33166, 318, 858, 1221, 5989, 778]"
586,"[122904, 1527, 8961, 480, 5349, 77561, 780, 1356, 179819, 1196]"
587,"[11, 3361, 1968, 3108, 356, 597, 1307, 3507, 2779, 5060]"
588,"[293, 296, 45, 288, 420, 282, 508, 475, 434, 494]"
589,"[349, 225, 280, 21, 161, 224, 272, 235, 380, 300]"
590,"[3275, 59369, 293, 7438, 1968, 3210, 1784, 2005, 54997, 480]"
591,"[892, 2395, 500, 3299, 2880, 1923, 231, 2599, 2694, 1270]"
592,"[552, 153, 296, 10, 780, 315, 292, 648, 592, 185]"
593,"[46578, 1784, 2324, 92259, 2019, 296, 7153, 1961, 3949, 1193]"
594,"[552, 587, 736, 1527, 356, 153, 377, 1580, 292, 861]"
595,"[296, 608, 1641, 3363, 300, 2243, 539, 150, 225, 16]"
596,"[480, 88744, 8972, 59315, 1210, 8636, 86332, 7153, 79132, 88140]"
597,"[1784, 11, 608, 296, 3363, 2890, 2797, 2997, 293, 2959]"
598,"[7153, 86332, 91542, 3578, 3996, 40815, 55247, 96079, 45722, 69844]"
599,"[2985, 2959, 293, 7438, 4344, 6373, 4776, 1653, 7458, 1517]"
600,"[46976, 6711, 1968, 778, 4306, 3253, 441, 1278, 2174, 1]"
601,"[48774, 7143, 2959, 150, 3114, 4886, 58559, 480, 296, 91529]"
602,"[349, 519, 786, 292, 296, 608, 380, 420, 168, 288]"
603,"[2395, 296, 1952, 1193, 1207, 1186, 3089, 1719, 25, 912]"
604,"[349, 608, 292, 225, 230, 592, 21, 494, 733, 10]"
605,"[4306, 1, 4016, 45722, 2997, 1073, 33679, 8360, 1270, 551]"
606,"[5902, 345, 6620, 2324, 3949, 1228, 1358, 1961, 3996, 920]"
607,"[2058, 608, 7153, 3996, 434, 5445, 2571, 3527, 1197, 6]"
608,"[48774, 380, 2959, 1127, 1580, 5445, 7254, 3623, 45186, 49272]"
609,"[349, 225, 292, 380, 161, 434, 494, 587, 736, 780]"
610,"[2959, 3275, 8972, 1206, 6333, 480, 4643, 5254, 93840, 48516]"
